醫事機構代碼,醫事機構名稱,醫事機構地址,醫事機構電話,成人口罩剩餘數,兒童口罩剩餘數,來源資料時間
2334081026,宜蘭縣冬山鄉衛生所,宜蘭縣冬山鄉中正路１６號,(03)9594772,4619,560,2020/09/27 18:38:44
2340020011,嘉義縣布袋鎮衛生所,嘉義縣布袋鎮新厝里２１號,(05)3472032,4966,589,2020/09/27 18:38:44
5901012650,銘德藥局,臺北市松山區八德路２段３６６巷２８號,(02)27511833,2250,349,2020/09/27 18:38:44
5901020590,燕福藥局,臺北市大安區羅斯福路３段２８３巷１４弄１４號之３,(02)23627307,4284,460,2020/09/27 18:38:44
5901023386,弘昇藥局,臺北市大安區復興南路１段１０７巷３２號,(02)27110061,1179,390,2020/09/27 18:38:44
5901024310,躍獅新生藥局,臺北市大安區和平東路２段２０號,(02)23623367,2,50,2020/09/27 18:38:44
5901024838,昶青藥局,臺北市大安區濟南路３段２２之１號,(02)27515678,754,130,2020/09/27 18:38:44
5901090289,正利民藥局,臺北市大同區延平北路３段１０５號,(02)25924842,2358,320,2020/09/27 18:38:44
5901090323,泰元藥局,臺北市大同區哈密街９１號,(02)25914592,1998,320,2020/09/27 18:38:44
5901092087,躍獅文昌藥局,臺北市大同區民生西路１０８號（實際營業：一層）,(02)25586189,711,180,2020/09/27 18:38:44
5901102828,逸帆藥局,臺北市中山區錦州街１８９號,(02)25222323,4473,540,2020/09/27 18:38:44
5901103110,大直健康藥局,臺北市中山區北安路５９１號,(02)25323310,3388,307,2020/09/27 18:38:44
5901162173,小明藥局,臺北市北投區中央南路１段６９號２樓,(02)28928950,707,120,2020/09/27 18:38:44
5901163269,佳祈健保藥局,臺北市北投區明德路１４４號,(02)28232535,3285,380,2020/09/27 18:38:44
5901163527,理得藥局,臺北市北投區石牌路１段１５０號,(02)28289680,1278,120,2020/09/27 18:38:44
5902040087,世詠藥局,高雄市楠梓區楠都東街１３８號,(07)3539869,2940,160,2020/09/27 18:38:44
5902040112,丁丁楠梓藥局,高雄市楠梓區建楠路１３０、１３２、１３４號,(07)3533743,405,0,2020/09/27 18:38:44
5902042657,皇慶藥局,高雄市楠梓區和光街１９１號,(07)3643352,3195,280,2020/09/27 18:38:44
5902050154,杏安藥局,高雄市三民區十全一路91 號,(07)3111606,2178,140,2020/09/27 18:38:44
5902050298,瑞鶴藥局,高雄市三民區寶德里義德路２５號,(07)3862757,4308,460,2020/09/27 18:38:44
5902050565,澄和藥局,高雄市三民區澄和路６６號,(07)3923111,3348,300,2020/09/27 18:38:44
5902051222,利民藥局,高雄市三民區孝順街７４號,(07)3125436,2903,400,2020/09/27 18:38:44
5902051240,明皇藥局,高雄市三民區寶國里義華路１８１號,(07)3860121,3117,360,2020/09/27 18:38:44
5902053833,建銘藥局,高雄市三民區吉林街２６２號,(07)3133460,2340,270,2020/09/27 18:38:44
5902080376,政德藥局,高雄市苓雅區正大里武廟路２９號,(07)7114371,1719,270,2020/09/27 18:38:44
5902080616,一加藥局,高雄市苓雅區和平一路四二號,(07)7212748,1962,0,2020/09/27 18:38:44
5902090032,全國大藥局,高雄市前鎮區三多二路４０３號１樓,(07)3345775,2122,270,2020/09/27 18:38:44
5903010314,豐原百宏中西藥局,臺中市豐原區水源路５９５號１樓,(04)25242185,960,89,2020/09/27 18:38:44
5903190148,亞洲藥師連鎖大藥局,臺中市太平區中山路２段４５８號,(04)23921681,2916,230,2020/09/27 18:38:44
5903190228,中山德侑藥局,臺中市太平區中山路３段２之２號１樓,(04)23920682,3231,410,2020/09/27 18:38:44
5903190362,太平中山藥局,臺中市太平區中山路４段１１號,(04)23959200,4221,300,2020/09/27 18:38:44
5903190442,天慈大藥局,臺中市太平區太平路５４０號,(04)22785052,531,30,2020/09/27 18:38:44
5903200194,博德藥局,臺中市大里區成功２路１０４號１樓,(04)24968642,3500,312,2020/09/27 18:38:44
5903260681,昭德藥師藥局,臺中市北區西屯路一段３４５號,(04)23235655,4167,500,2020/09/27 18:38:44
5903260814,杏一北區文心藥局,臺中市北區文心路４段２１０－８號１、２樓,22993847,4599,460,2020/09/27 18:38:44
5903270570,百富藥局,臺中市西屯區福上巷１６號,(04)22970708,3137,253,2020/09/27 18:38:44
5903270749,大墩藥局,臺中市西屯區大墩１９街６８號１樓,(04)23209602,2592,300,2020/09/27 18:38:44
5903271059,安德藥局,臺中市西屯區福康路１７號１樓,(04)24638302,4086,400,2020/09/27 18:38:44
5903280165,南屯福倫藥局,臺中市南屯區南屯路２段３１７號,(04)24758018,3996,350,2020/09/27 18:38:44
5903280683,詠悅藥局,臺中市南屯區大墩十二街６３７號,(04)22515012,3122,240,2020/09/27 18:38:44
5903290929,微笑藥局,臺中市北屯區昌平路一段３１８號１樓,(04)22432699,3528,250,2020/09/27 18:38:44
5903291042,全成北屯藥局,臺中市北屯區北屯路４３９－１１號１樓,(04)22463518,2867,201,2020/09/27 18:38:44
5905270041,仁德市安藥師藥局,臺南市仁德區中正西路２５號,(06)2661933,2774,185,2020/09/27 18:38:44
5905320135,安麗兒藥局裕農店,臺南市東區裕農路１００號１樓,(06)2377378,1026,150,2020/09/27 18:38:44
5905330097,千越藥局,臺南市南區金華路二段２４７號,(06)2910303,3608,467,2020/09/27 18:38:44
5905340011,日日康藥局,臺南市中西區武聖路１３７號,(06)2595259,4248,340,2020/09/27 18:38:44
5905340226,楊藥局,臺南市中西區西和路３３號１樓,(06)2806353,3996,380,2020/09/27 18:38:44
5905370331,草湖寮王藥局,臺南市安南區梅花里安中路一段６３３號１樓,(06)2465859,18,129,2020/09/27 18:38:44
5907010203,新富丁丁藥局,高雄市鳳山區新富路９５號,(07)7156198,3573,1290,2020/09/27 18:38:44
5907010525,長青連鎖藥局光遠店,高雄市鳳山區光遠路２７１號１樓,(07)7103487,2763,160,2020/09/27 18:38:44
5907050010,新朋友藥師連鎖藥局,高雄市林園區東林東路４４號,(07)6460588,91,9,2020/09/27 18:38:44
5907060043,永成專業藥師藥局,高雄市大寮區中興里鳳林四路６２號,(07)7816221,2070,140,2020/09/27 18:38:44
5907060178,鴻安藥局,高雄市大寮區鳳林三路３９１、３９３號１樓,(07)7835956,819,40,2020/09/27 18:38:44
5907110155,丁丁藥局橋頭店,高雄市橋頭區成功南路１４８巷３號,(07)6113633,1243,0,2020/09/27 18:38:44
5907290050,新高橋藥局裕明店,高雄市鼓山區裕誠路１６８０號,(07)5224680,1484,6,2020/09/27 18:38:44
5907290274,明誠丁丁藥局,高雄市鼓山區明誠三路４６５號,(07)5520120,2070,0,2020/09/27 18:38:44
5907310173,安健藥局,高雄市楠梓區鳳楠路２５０號,(07)3520167,4271,400,2020/09/27 18:38:44
5907360146,好芳鄰藥局,高雄市前鎮區光華二路２５７號,(07)3318657,4327,410,2020/09/27 18:38:44
5907360226,順康健保藥局,高雄市前鎮區一心二路６７號,(07)5364438,0,280,2020/09/27 18:38:44
5907360584,聖名健保藥局,高雄市前鎮區復興三路２４６號１樓,(07)3319431,3306,250,2020/09/27 18:38:44
5911010168,承泰藥局,基隆市中正區新豐街４４２號,(02)24601316,1170,300,2020/09/27 18:38:44
5911011610,躍獅大藥局,基隆市中正區義二路３５號,(02)24286960,4203,500,2020/09/27 18:38:44
5911021214,合康藥局,基隆市七堵區開元路８５號１樓,(02)24555173,4063,450,2020/09/27 18:38:44
5911031176,家宏藥局,基隆市暖暖區源遠路２８１之２號１樓,(02)24595982,2367,210,2020/09/27 18:38:44
5911051409,順豐藥局,基隆市中山區中華路４號,(02)24369176,3834,420,2020/09/27 18:38:44
5911051490,大哈密藥局,基隆市中山區中山二路５號,(02)24285368,4991,588,2020/09/27 18:38:44
5911061272,立登藥局,基隆市安樂區麥金路１９７號１樓,(02)24334477,0,120,2020/09/27 18:38:44
5912012353,康田大藥局,新竹市東區金山街１０２號１樓,(03)5638217,1269,0,2020/09/27 18:38:44
5912040106,永富大藥局,新竹市北區中山里北門街１８號,(035)234856,1098,130,2020/09/27 18:38:44
5912042098,欣欣藥局,新竹市北區西大路736巷1號,(03)5351205,819,119,2020/09/27 18:38:44
5917010082,仁壽藥局,臺中市中區東墩里三民路三段１號,(04)22228058,3825,450,2020/09/27 18:38:44
5917030128,太信藥局,臺中市西區三民路一段９５－１號１樓,(04)23718318,5148,580,2020/09/27 18:38:44
5917030388,富永藥局,臺中市西區三民西路１６１號,(04)23714681,2889,230,2020/09/27 18:38:44
5917030520,林西藥局,臺中市西區永龍里向上路一段４６－１號,(04)23014023,1944,260,2020/09/27 18:38:44
5917030646,華隆藥局,臺中市西區樂群街６之２號,(04)22243785,3537,190,2020/09/27 18:38:44
5917041836,健康人生藥局,臺中市南區美村南路１３１號,(04)22633936,3302,349,2020/09/27 18:38:44
5917063403,逢甲藥局,臺中市西屯區逢甲路１４７、１４９、１５１號,(04)27085922,2554,310,2020/09/27 18:38:44
5917063921,東京藥師藥局,臺中市西屯區太原一段７７號,(04)23165378,4608,490,2020/09/27 18:38:44
5917070186,濟安堂藥局,臺中市南屯區南屯路二段７８８號,(04)23899603,1809,166,2020/09/27 18:38:44
5917070462,長映藥局,臺中市南屯區黎明路二段４３２號１樓,(04)22510951,1305,190,2020/09/27 18:38:44
5917080771,大生大藥局,臺中市北屯區三光里北屯路３３７號,(04)22337059,2970,360,2020/09/27 18:38:44
5917080888,大華藥局,臺中市北屯區熱河路２段１０９號１樓,(04)22331721,4788,580,2020/09/27 18:38:44
5917081170,順天大藥局,臺中市北屯區中清路二段２３２號１樓,(04)22918847,3456,180,2020/09/27 18:38:44
5917083316,春元藥局,臺中市北屯區東山路１段２８７號,(04)24361008,2822,220,2020/09/27 18:38:44
5917083343,豋盛藥局,臺中市北屯區北平路三段１０７號,(04)22373863,3627,330,2020/09/27 18:38:44
5921010205,文成藥局,臺南市東區大學里東寧路４３號之１,(06)2340860,2115,338,2020/09/27 18:38:44
5921010689,億安大藥局,臺南市東區大福里大同路２段２６５號,(06)2159881,3141,300,2020/09/27 18:38:44
5921010778,宏成藥局,臺南市東區裕農路１１６號,(06)2359339,3483,400,2020/09/27 18:38:44
5921012281,菁安藥局,臺南市東區富強里中華東路二段４９號,(06)3361683,2322,200,2020/09/27 18:38:44
5921020489,市安藥師藥局,臺南市南區國民路１４２號,(06)2882627,2874,389,2020/09/27 18:38:44
5921041826,佳家藥局,臺南市北區大公里忠義路三段２２號１樓,(06)2252165,3177,250,2020/09/27 18:38:44
5921042289,公園店菁安藥局,臺南市北區公園路６１１號,(06)2834488,1818,240,2020/09/27 18:38:44
5921060394,土城藥師藥局,臺南市安南區城北路７５號,(06)2571872,1422,0,2020/09/27 18:38:44
5922012383,振安藥局,嘉義市東區王田里林森東路３００號１樓,(05)2756541,2803,160,2020/09/27 18:38:44
5922012918,後庄弘安藥局,嘉義市東區吳鳳南路２９８號１樓,(05)2305678,3627,110,2020/09/27 18:38:44
5922013031,德昌藥局,嘉義市東區中央里吳鳳北路２１１號,(05)2280306,3815,340,2020/09/27 18:38:44
5922020116,興業藥局,嘉義市西區福民里興業西路３８１號,(05)2861880,774,0,2020/09/27 18:38:44
5922020661,大正藥局,嘉義市西區書院里民族路７０２號,(05)2285812,2106,200,2020/09/27 18:38:44
5922028863,益生堂藥局,嘉義市西區杭州三街３０號,(05)2861415,3947,438,2020/09/27 18:38:44
592202A296,秉原藥局,嘉義市西區書院里民族路７００號,(05)2285811,2268,210,2020/09/27 18:38:44
5931012060,溪北藥局,新北市板橋區溪北路７８號１樓,(02)26866528,0,30,2020/09/27 18:38:44
5931014055,重成藥局,新北市板橋區民族路２６７號,(02)29504057,2580,340,2020/09/27 18:38:44
5931015605,僑中藥師藥局,新北市板橋區僑中１街１０２巷５弄１５號１樓,(02)29692547,558,120,2020/09/27 18:38:44
5931015749,品品藥局,新北市板橋區中山路２段４０２號〈１樓〉,(02)29647917,864,190,2020/09/27 18:38:44
5931017047,永欣藥師藥局,新北市板橋區龍興街４６號１樓,(02)29687120,288,230,2020/09/27 18:38:44
5931017172,順儷府中藥局,新北市板橋區中山路１段９６號（１樓）,(02)29541199,2889,440,2020/09/27 18:38:44
5931020964,穗元大藥局,新北市三重區力行路１段１４９號１樓、１５１號１樓,(02)29827688,1030,120,2020/09/27 18:38:44
5931021167,禮隆藥局,新北市三重區自強路４段６４號,(02)29894735,56,10,2020/09/27 18:38:44
5931021372,福昌大藥局,新北市三重區溪尾街２０５號,(02)29714069,1464,330,2020/09/27 18:38:44
5931022931,承都藥局,新北市三重區中央南路４４號１樓,(02)29785989,4350,482,2020/09/27 18:38:44
5931023036,華泰藥師藥局,新北市三重區五華街６６號１樓,(02)29866009,2000,130,2020/09/27 18:38:44
5931023563,寶貝藥局,新北市三重區仁愛街３０２－１號,(02)29802190,3759,330,2020/09/27 18:38:44
5931024524,陽明藥師藥局,新北市三重區三和路４段１６３巷１５號,(02)22867848,3033,239,2020/09/27 18:38:44
5931024622,萊康健保藥局,新北市三重區溪尾街１７６號１樓,(02)82871076,3402,360,2020/09/27 18:38:44
5931025236,祐銘藥局,新北市三重區龍門路２２號１樓,(02)29769001,3348,390,2020/09/27 18:38:44
5931025763,美康三和藥局,新北市三重區三和路４段３２２號１、２樓,(02)22866858,2215,380,2020/09/27 18:38:44
5931032811,華特健康藥局,新北市永和區永貞路３６２號１樓,(02)29264391,3996,490,2020/09/27 18:38:44
5931042899,家家藥局,新北市中和區民德路４３號,(02)29587512,846,180,2020/09/27 18:38:44
5931044508,和欣泰藥局,新北市中和區永貞路２２３號１樓,(02)29290867,3744,399,2020/09/27 18:38:44
5931044820,禾心藥局,新北市中和區秀朗路３段６４號１樓,(02)86688922,2025,120,2020/09/27 18:38:44
5931044848,和霖生活藥局,新北市中和區復興路２８９號１樓,(02)22458227,1809,210,2020/09/27 18:38:44
5931044875,誼安健業藥局,新北市中和區宜安路１１８巷２０號１樓,(02)86600058,810,180,2020/09/27 18:38:44
5931050211,耀生中西藥局,新北市新店區文化路２１巷６號,(02)29118598,0,70,2020/09/27 18:38:44
5931053150,十二願藥局,新北市新店區中正路６８２號１樓,(02)22181899,701,220,2020/09/27 18:38:44
5931060226,忠山藥局,新北市新莊區雙鳳路２號,(02)29027588,2376,200,2020/09/27 18:38:44
5931060440,楊氏武田藥局,新北市新莊區化成路３７３－５號,(02)85221868,2988,240,2020/09/27 18:38:44
5931060646,王藥局,新北市新莊區昌盛街３８號,(02)29922404,2385,160,2020/09/27 18:38:44
5931068302,宏發藥局,新北市新莊區民安西路２６３號１樓,(02)22048303,3330,300,2020/09/27 18:38:44
5931068875,旭生藥局,新北市新莊區裕民街４２號１樓,(02)29021289,1612,126,2020/09/27 18:38:44
5931071934,樹新藥局,新北市樹林區樹新路３０－３號１樓,(02)26821080,1782,130,2020/09/27 18:38:44
5931101668,長佑藥局,新北市淡水區新市一路３段３６號,(02)26268560,3834,420,2020/09/27 18:38:44
5931102096,池佑藥局,新北市淡水區民族路４６號,(02)88093531,3114,320,2020/09/27 18:38:44
5931102265,佳藥長照藥局,新北市淡水區學府路７５號１樓,(02)26211321,972,230,2020/09/27 18:38:44
5931112145,汐止健康人生藥局,新北市汐止區忠孝東路２６９號,(02)86421820,2934,370,2020/09/27 18:38:44
5931112369,汐止立欣藥局,新北市汐止區汐萬路二段２４９號１樓,(02)26464546,3260,320,2020/09/27 18:38:44
5931112976,永康中西綜合藥局,新北市汐止區龍安路１７５號１樓,(02)86915580,765,100,2020/09/27 18:38:44
5931133313,貓頭鷹藥妝藥局,新北市土城區中央路３段８８號、９０號１樓,(02)22695659,2257,289,2020/09/27 18:38:44
5931140158,全民藥局,新北市蘆洲區中山一路２０１、２０３號,(02)22837168,2110,218,2020/09/27 18:38:44
5931143024,集賢藥局,新北市蘆洲區信義路２２２巷６１號１、２樓,(02)22882400,3642,338,2020/09/27 18:38:44
5931170165,龍點藥局,新北市林口區民族路６７號１樓,(02)26080636,684,0,2020/09/27 18:38:44
5931171779,全球忠孝藥局,新北市林口區忠孝路４９７號１樓,(02)26092139,1789,0,2020/09/27 18:38:44
5931231305,威爾斯藥局,新北市八里區中山路一段３７２號（１樓）,26107100,4464,370,2020/09/27 18:38:44
5932010908,大愛藥師藥局,桃園市桃園區中正路４３５號,(03)3376771,1588,379,2020/09/27 18:38:44
5932011772,中山藥局,桃園市桃園區玉山里復興路３６９號,(03)3346614,2142,210,2020/09/27 18:38:44
5932013007,南門藥局,桃園市桃園區南華街５３號,(03)3335395,36,0,2020/09/27 18:38:44
5932013954,桃鶯藥局,桃園市桃園區桃鶯路１０２號,(03)3675100,1539,170,2020/09/27 18:38:44
593201A640,大心藥局,桃園市桃園區中平路１４１號,(03)2209842,297,119,2020/09/27 18:38:44
5932021670,日光健康藥局,桃園市中壢區華祥一街２號１樓,(03)4383559,3043,340,2020/09/27 18:38:44
5932022300,育康藥局,桃園市中壢區中正路３６６號,(03)4278266,3087,400,2020/09/27 18:38:44
5932023432,敏康藥局,桃園市中壢區福德路３４號之１樓,(03)4611961,2772,420,2020/09/27 18:38:44
5932023656,思琁藥師藥局,桃園市中壢區中北路二段４３０號,(03)4162189,2776,202,2020/09/27 18:38:44
5932052077,明安藥局,桃園市蘆竹區南竹路一之六號,(03)3527087,2340,280,2020/09/27 18:38:44
5932052764,禾泰藥局,桃園市蘆竹區中山路９１號１樓,(03)3530297,3521,100,2020/09/27 18:38:44
5932077145,百佑藥局,桃園市龜山區中興路一段１８號,(03)3200428,3312,300,2020/09/27 18:38:44
5932077510,左外野藥局,桃園市龜山區文光街６號１樓,(03)3271503,1359,0,2020/09/27 18:38:44
5932083527,新大明藥局,桃園市八德區大明街二一號一樓,(03)3618284,2313,40,2020/09/27 18:38:44
5932099285,達仁藥局,桃園市龍潭區北龍路２７０號,(03)4095166,3240,360,2020/09/27 18:38:44
5932099678,龍華藥局,桃園市龍潭區東龍路１６９號,(03)4701489,385,236,2020/09/27 18:38:44
5932099892,百年聯和藥局,桃園市龍潭區中豐路３００號,(03)4895268,805,10,2020/09/27 18:38:44
5932101084,佳仁藥局,桃園市平鎮區平東路２４３號,(03)4609335,1026,80,2020/09/27 18:38:44
593210A238,美樂蒂藥局,桃園市平鎮區民族路二三七號二樓,(03)4023131,3870,10,2020/09/27 18:38:44
5932111240,新屋藥局,桃園市新屋區中華路２９４號,(03)4971008,0,40,2020/09/27 18:38:44
5933020104,廣和藥局,新竹縣新埔鎮中正路２９２號,(035)885959,369,0,2020/09/27 18:38:44
5933080119,建仁藥局,新竹縣新豐鄉建興路一段１２２號,(03)5595850,108,30,2020/09/27 18:38:44
5934010077,華大藥局,宜蘭縣宜蘭市新民路６４號,(03)9356412,4572,490,2020/09/27 18:38:44
5934010086,圓滿堂藥局,宜蘭縣宜蘭市中山路３段４８號,(03)9323413,2482,77,2020/09/27 18:38:44
5934012366,熊賀大藥局,宜蘭縣宜蘭市女中路３段２６號,(03)9352950,92,0,2020/09/27 18:38:44
5934020073,長生藥局,宜蘭縣羅東鎮復興路１段１號,(03)9553222,3258,386,2020/09/27 18:38:44
5934020279,博善藥局,宜蘭縣羅東鎮和平路６８號,(03)9577811,3024,90,2020/09/27 18:38:44
5934022013,康莊藥局,宜蘭縣羅東鎮康樂巷１號,(03)9553168,3339,0,2020/09/27 18:38:44
5934030051,正蘇西西藥局,宜蘭縣蘇澳鎮中山路一段４７號,(03)9965380,4212,410,2020/09/27 18:38:44
5934031254,佑全蘇澳中山藥局,宜蘭縣蘇澳鎮蘇西里２０鄰中山路１段２３１號１樓,(03)9961063,4176,430,2020/09/27 18:38:44
5934081058,華康藥局,宜蘭縣冬山鄉冬山路５段２０２號１樓,(03)9532942,3096,260,2020/09/27 18:38:44
5934091072,新安藥局,宜蘭縣五結鄉中正路１段１７０號１樓,(03)9566377,3564,310,2020/09/27 18:38:44
5935010222,正欣藥局,苗栗縣苗栗市清華里褔星街６０號,(037)264502,2753,300,2020/09/27 18:38:44
5935011952,千百岳大藥局,苗栗縣苗栗市上苗里中山路70號,(037)271335,792,0,2020/09/27 18:38:44
5935012388,苗栗啄木鳥藥局,苗栗縣苗栗市中華路１２０號,(037)274809,4563,430,2020/09/27 18:38:44
5935041790,慈濟藥局,苗栗縣竹南鎮正南里光復路29號,(037)474849,4065,380,2020/09/27 18:38:44
5935042046,永安藥局,苗栗縣竹南鎮照南里立達街３號,(037)469333,549,0,2020/09/27 18:38:44
5935051867,惠祐藥局,苗栗縣頭份市中正路１６５號,(037)668933,1665,90,2020/09/27 18:38:44
5936010888,惠笙大藥局,臺中市豐原區三民路１８０號,(04)25279912,1511,0,2020/09/27 18:38:44
5936021363,小太陽藥局,臺中市東勢區豐勢路４１２之１、４１６號１樓,(04)25773481,3843,122,2020/09/27 18:38:44
5936031707,大甲福倫藥局,臺中市大甲區蔣公路２０２號,(04)26765518,1494,0,2020/09/27 18:38:44
5936081243,安麗兒藥局神岡店,臺中市神岡區中山路１４５８號,(04)25629649,4149,480,2020/09/27 18:38:44
5936090171,信源藥局,臺中市潭子區潭北里潭子街三段３９號,(04)25367233,351,0,2020/09/27 18:38:44
5936190505,明芳藥局,臺中市太平區光華里大興路１７１號,(04)23921778,2799,400,2020/09/27 18:38:44
5936192198,德侑健保藥局,臺中市太平區中山路４段８６之１號,(04)23959617,3454,300,2020/09/27 18:38:44
5936200220,友信藥局,臺中市大里區金城里萬壽街１９號,(04)24921505,3888,320,2020/09/27 18:38:44
593620A891,御和藥局,臺中市大里區東興里益民路二段３２３號,(04)24821555,3024,250,2020/09/27 18:38:44
593620B138,聯生中西健保藥局,臺中市大里區現岱路１５８巷１１號,(04)24834058,1404,69,2020/09/27 18:38:44
5937013230,全成藥局,彰化縣彰化市民生里三民路３２０號,(047)263018,2905,310,2020/09/27 18:38:44
5937021821,新永吉藥局,彰化縣鹿港鎮中山路１２７號,(04)7770940,3231,420,2020/09/27 18:38:44
5937031596,康佑藥局,彰化縣和美鎮和東里彰美路５段１７５號１樓,(04)7576816,2673,30,2020/09/27 18:38:44
5937031765,和美啄木鳥藥局,彰化縣和美鎮德美路２７０號,7552924,3551,190,2020/09/27 18:38:44
5937040148,北斗仁和藥局,彰化縣北斗鎮光復里光復路１８２號,(04)8880163,3861,410,2020/09/27 18:38:44
5937050313,東禾藥局,彰化縣員林市仁美里和平東街６２－１號,(04)8350030,4113,358,2020/09/27 18:38:44
5937050395,裕良大藥局,彰化縣員林市莒光路３號,(04)8360388,4049,460,2020/09/27 18:38:44
5937060088,合生大藥局,彰化縣溪湖鎮湖東里員鹿路二段４０６號,(04)8851560,2322,270,2020/09/27 18:38:44
5937061638,志成藥局,彰化縣溪湖鎮平和里彰水路３段２４３號,(04)8853528,3438,320,2020/09/27 18:38:44
5937071385,正益藥局,彰化縣田中鎮北路里新福路５３巷１３號１樓,(04)8761001,4428,150,2020/09/27 18:38:44
5937081498,新杏林藥局,彰化縣二林鎮東和里斗苑路５段２６０號,(04)8953863,3186,260,2020/09/27 18:38:44
5937120043,啟仁藥局,彰化縣秀水鄉安東村文化街１５巷２號,(04)7694953,2913,309,2020/09/27 18:38:44
5937140018,民生藥局,彰化縣芬園鄉社口村彰南路４段１１３號,(049)2522595,2627,320,2020/09/27 18:38:44
5937140054,正明藥局,彰化縣芬園鄉茄荖村芬草路一段２７３號,(049)2523918,4113,500,2020/09/27 18:38:44
5937141104,啟安大藥局,彰化縣芬園鄉芬草路２段２３０號,(049)2522858,1008,220,2020/09/27 18:38:44
5937161133,石埤藥局,彰化縣埔鹽鄉石埤村番金路８０之１６號,(04)8655146,4392,570,2020/09/27 18:38:44
5937170098,普生藥師藥局,彰化縣埔心鄉東門村中正路１段１４號,(04)8294449,3276,110,2020/09/27 18:38:44
5937201061,長春藥局,彰化縣二水鄉文化村光文路１０３號,(04)8795289,2504,170,2020/09/27 18:38:44
5938011847,南投啄木鳥藥局,南投縣南投市中興路６１２號,(049)2241683,1800,0,2020/09/27 18:38:44
5938020104,新仁壽藥局,南投縣埔里鎮南門里南榮路１３號１樓,(049)2983210,2475,100,2020/09/27 18:38:44
5938040277,潘藥局,南投縣竹山鎮竹山里下橫街２６－１１號,(049)2645613,2376,240,2020/09/27 18:38:44
5938040437,宏明堂藥局,南投縣竹山鎮竹山里橫街８８號,(049)2642202,2495,480,2020/09/27 18:38:44
5938041872,優適藥局,南投縣竹山鎮大明路１４９－５號,(049)2630355,4212,470,2020/09/27 18:38:44
5939012133,鎮東藥局,雲林縣斗六市中華路４６０號,(05)5332449,3564,130,2020/09/27 18:38:44
5939021392,南安藥局,雲林縣斗南鎮南昌路１３７號１樓,(05)5952777,3735,250,2020/09/27 18:38:44
5939021561,聖安藥局,雲林縣斗南鎮南昌里南昌路１３０號,(05)5954652,2962,480,2020/09/27 18:38:44
5939031558,正安藥局,雲林縣虎尾鎮仁愛路４２號,(05)6322058,3150,280,2020/09/27 18:38:44
5939031674,幼安藥局,雲林縣虎尾鎮立仁街５７號,(05)6321280,4652,447,2020/09/27 18:38:44
5939032224,文心藥局,雲林縣虎尾鎮信義路６號,(05)6362365,4743,510,2020/09/27 18:38:44
5939032626,林藥師藥局,雲林縣虎尾鎮中正路２０７號,(05)6334135,3230,359,2020/09/27 18:38:44
5939060111,慶輝藥局,雲林縣北港鎮華勝里大同路２３２號,(05)7835078,4595,510,2020/09/27 18:38:44
5939071276,慈生藥局,雲林縣古坑鄉麻園村平和２２號,(05)5828222,4833,530,2020/09/27 18:38:44
5939091170,西河藥局,雲林縣莿桐鄉饒平村饒平路１０２號,(05)5842950,2945,40,2020/09/27 18:38:44
5939110027,清華藥局,雲林縣二崙鄉崙東村中山路一段２８４號,(05)5982438,2853,220,2020/09/27 18:38:44
5939120050,韓藥局,雲林縣崙背鄉中山路１６３號,(05)6962462,3933,240,2020/09/27 18:38:44
5939130010,瀧升藥局,雲林縣麥寮鄉麥豐村中正路１０３號,(05)6933880,1851,340,2020/09/27 18:38:44
5939130029,見春藥局,雲林縣麥寮鄉橋頭村仁德路７４號,(05)6912265,4113,410,2020/09/27 18:38:44
5939131151,三芳藥局,雲林縣麥寮鄉橋頭村仁德路１７６號,(05)6911053,3365,390,2020/09/27 18:38:44
5939180010,仁醫堂中西藥局,雲林縣四湖鄉大同路１９號,(05)7723399,4410,540,2020/09/27 18:38:44
5939191139,寶健藥局,雲林縣口湖鄉梧南村光明路１７２號,(05)7907453,4842,500,2020/09/27 18:38:44
5939191175,安泰藥局,雲林縣口湖鄉湖東村文安街３４號,(05)7893589,3528,490,2020/09/27 18:38:44
5939201238,正大藥局,雲林縣水林鄉水林路４２號１樓,(05)7852069,3105,320,2020/09/27 18:38:44
5939201283,義生藥局,雲林縣水林鄉水林路１９７號,(05)7853701,4806,570,2020/09/27 18:38:44
5940011688,久久藥局,嘉義縣朴子市中興路６５號,(05)3704552,3618,520,2020/09/27 18:38:44
5940021157,康富藥師藥局,嘉義縣布袋鎮博愛二街２２號,(05)3470511,2826,370,2020/09/27 18:38:44
5940040063,昇平藥局,嘉義縣民雄鄉大崎村十四甲１８－７號,(05)2206835,4095,430,2020/09/27 18:38:44
5940111469,嘉安藥局,嘉義縣太保市麻寮里中山路２段４６號,(05)2387670,459,80,2020/09/27 18:38:44
5940111549,嘉康中西藥局,嘉義縣太保市南新里中山路一段２９５之２號,(05)2376200,567,60,2020/09/27 18:38:44
5940121205,楊藥局,嘉義縣水上鄉忠和村６８之５號,(05)2890687,3921,430,2020/09/27 18:38:44
5940121303,宏益藥局,嘉義縣水上鄉正義路５１號,(05)2601714,3793,450,2020/09/27 18:38:44
5940130106,榮芳藥局,嘉義縣中埔鄉金蘭村頂山門２８之２號,(05)2397405,4248,480,2020/09/27 18:38:44
5940131292,株一藥局,嘉義縣中埔鄉和興村中山路五段９０９號,(05)2397739,783,80,2020/09/27 18:38:44
5941040012,杏林藥局,臺南市麻豆區晉江里興中路１３６號,(06)5722692,4031,332,2020/09/27 18:38:44
5941041297,台灣藥局,臺南市麻豆區信義路１１之１３號,(06)5726126,2680,295,2020/09/27 18:38:44
5941051453,佳佳藥局,臺南市佳里區中山路３８６號,(06)7227639,3744,340,2020/09/27 18:38:44
5941190017,憲宗藥局,臺南市北門區東壁里７０４號,(06)7864225,4329,510,2020/09/27 18:38:44
5941270109,振裕藥局,臺南市仁德區二行里二行一路１６５號,(06)2661478,3308,460,2020/09/27 18:38:44
5941270216,聖豐藥局,臺南市仁德區中洲里中洲路７８８號,(06)2663588,3294,380,2020/09/27 18:38:44
5941280141,歐美藥師藥局,臺南市歸仁區後市里民權北路６８號,(06)3308010,3996,430,2020/09/27 18:38:44
5941291180,安麗兒藥局關廟店,臺南市關廟區中山路２段５０號,(06)5951952,1251,250,2020/09/27 18:38:44
5941291215,新素界保養藥局,臺南市關廟區山西里武聖路２６號,(06)5959290,4381,445,2020/09/27 18:38:44
5941310715,都都藥局,臺南市永康區中山南路１２８號,(06)2314815,3725,399,2020/09/27 18:38:44
5941310859,菁安藥局,臺南市永康區大橋里中華路５９７號,(06)2031203,2151,290,2020/09/27 18:38:44
5942011819,鳳山丁丁藥局,高雄市鳳山區協和里自由路１５１號１樓,(07)7101080,2416,80,2020/09/27 18:38:44
5942013260,辰好藥局,高雄市鳳山區中山東路２８１號,(07)7027064,2436,289,2020/09/27 18:38:44
5942014212,菩提大藥局,高雄市鳳山區新興里維新路１２１號１樓,(07)7903323,909,10,2020/09/27 18:38:44
5942021664,丁丁藥局,高雄市岡山區仁壽里中華路１號,(07)6256157,1854,40,2020/09/27 18:38:44
5942190039,立達藥局,高雄市彌陀區中正西路２５９－２號,(07)6179277,1885,267,2020/09/27 18:38:44
5942201199,安麗兒藥局梓官店,高雄市梓官區嘉展路４７９號,(07)6106189,3159,220,2020/09/27 18:38:44
5943010049,統和藥局,屏東縣屏東市德豐街６３號,(08)7379898,3753,430,2020/09/27 18:38:44
5943010156,新東洋藥局,屏東縣屏東市民生路２３８號,(08)7323388,2898,427,2020/09/27 18:38:44
5943010665,中美藥局,屏東縣屏東市扶風里林森路４５號,(08)7348697,2950,350,2020/09/27 18:38:44
5943012445,家安藥師藥局,屏東縣屏東市廣東路７４７號,(08)7354236,2294,189,2020/09/27 18:38:44
5943013200,東生藥局,屏東縣屏東市華盛街１６－３號,(08)7521389,2480,360,2020/09/27 18:38:44
5943013648,信安藥局,屏東縣屏東市金泉里漢口街１１號,(08)7322332,3276,380,2020/09/27 18:38:44
5943014154,丁丁藥局民族店,屏東縣屏東市民族路２７１號,(08)8100388,4707,400,2020/09/27 18:38:44
5943020134,東隆藥局,屏東縣潮州鎮同榮里建基路１１７號,(08)7882810,4023,540,2020/09/27 18:38:44
5943030103,保生藥局,屏東縣東港鎮中山路５６號,(08)8322818,3132,160,2020/09/27 18:38:44
5943071088,立登藥局,屏東縣麟洛鄉中山路２５６之１號,(08)7213590,3408,540,2020/09/27 18:38:44
5943091151,祥安藥局,屏東縣里港鄉玉田村玉田路６３－２號,(08)7757652,2577,130,2020/09/27 18:38:44
5943125189,寶合康藥局,屏東縣萬巒鄉佳和村佳興路３６－８號,(08)7831017,3365,420,2020/09/27 18:38:44
5943131534,內埔啄木鳥藥局,屏東縣內埔鄉光明路４７１號,(08)7787078,2808,359,2020/09/27 18:38:44
5943131552,富田藥局,屏東縣內埔鄉永光路２１號,7785166,4284,470,2020/09/27 18:38:44
5943161121,永明藥局,屏東縣枋寮鄉安樂村中山路１１９－１號,(08)8781481,3547,358,2020/09/27 18:38:44
5944010089,宏安藥局,澎湖縣馬公市中華路５４號,(06)9273048,1728,160,2020/09/27 18:38:44
5945010154,郭藥局,花蓮縣花蓮市中美路９５號之３,(03)8230761,4508,409,2020/09/27 18:38:44
5945010289,易生藥局,花蓮縣花蓮市中正路４４３號,(03)8322927,2951,268,2020/09/27 18:38:44
5945011795,晉嘉藥局,花蓮縣花蓮市明禮路７１之８號,(03)8347329,3291,189,2020/09/27 18:38:44
5945012658,花蓮丁丁藥局,花蓮縣花蓮市中山路５５３號,(03)8360312,1800,150,2020/09/27 18:38:44
5945012863,承祐藥局,花蓮縣花蓮市建國路２６６號,(03)8338261,4212,340,2020/09/27 18:38:44
5945051664,吉安丁丁藥局,花蓮縣吉安鄉中華路二段１１號,(03)8536772,2385,0,2020/09/27 18:38:44
5946012170,維康藥局台東馬偕店,臺東縣臺東市長沙街１９６號,(089)354750,2662,369,2020/09/27 18:38:44
5990010515,大賀藥局,金門縣金城鎮北門里民生路３號,(082)327678,36,40,2020/09/27 18:38:44
